{"calibration_data": [27.579733328385817,51.70106343789536, 141.9574668190699],
 "home_angle": 45.17}

