{"calibration_data": [29.323456160227447,69.14987288713455,144.4813527425129],
"home_angle": 42.8}